Timestamp_UTC,Timestamp_Local,Timezone_Bias,Time_Type,Artifact_Type,Action,User,Target_Path,Source_File,Evidence_ID,Verify_Cmd,Tag
2025-12-24T22:28:23.000000000,2025-12-24T22:28:23.000000000,0,File_Access,RecentDocs,Opened: C:\Program Files (x86)\Microsoft\Edge\Application\msedge.exe [Args: ],Unknown,c:\program files (x86)\microsoft\edge\application\msedge.exe,C:\Temp\Trigger0\out\FileFolderAccess\20251224222823_LECmd_Output.csv,,,
2025-12-24T22:28:23.000000000,2025-12-24T22:28:23.000000000,0,File_Access,RecentDocs,Opened: C:\Program Files (x86)\Microsoft\Edge\Application\msedge.exe [Args: ],Unknown,c:\program files (x86)\microsoft\edge\application\msedge.exe,C:\Temp\Trigger0\out\FileFolderAccess\20251224222823_LECmd_Output.csv,,,
2025-12-24T22:28:23.000000000,2025-12-24T22:28:23.000000000,0,File_Access,RecentDocs,Opened: C:\Temp\Trigger0\kape\E\Users\Default\AppData\Roaming\Microsoft\Internet Explorer\Quick Launch\Shows Desktop.lnk [Args: ],Unknown,c:\temp\trigger0\kape\e\users\default\appdata\roaming\microsoft\internet explorer\quick launch\shows desktop.lnk,C:\Temp\Trigger0\out\FileFolderAccess\20251224222823_LECmd_Output.csv,,,
2025-12-24T22:28:23.000000000,2025-12-24T22:28:23.000000000,0,File_Access,RecentDocs,Opened: C:\Temp\Trigger0\kape\E\Users\Default\AppData\Roaming\Microsoft\Internet Explorer\Quick Launch\Window Switcher.lnk [Args: ],Unknown,c:\temp\trigger0\kape\e\users\default\appdata\roaming\microsoft\internet explorer\quick launch\window switcher.lnk,C:\Temp\Trigger0\out\FileFolderAccess\20251224222823_LECmd_Output.csv,,,
2025-12-24T22:28:23.000000000,2025-12-24T22:28:23.000000000,0,File_Access,RecentDocs,Opened: C:\Program Files (x86)\Microsoft\Edge\Application\msedge.exe [Args: ],Unknown,c:\program files (x86)\microsoft\edge\application\msedge.exe,C:\Temp\Trigger0\out\FileFolderAccess\20251224222823_LECmd_Output.csv,,,
2025-12-24T22:28:23.000000000,2025-12-24T22:28:23.000000000,0,File_Access,RecentDocs,Opened: C:\Temp\Trigger0\kape\E\Users\Default\AppData\Roaming\Microsoft\Windows\Start Menu\Programs\Administrative Tools.lnk [Args: /name Microsoft.AdministrativeTools],Unknown,c:\temp\trigger0\kape\e\users\default\appdata\roaming\microsoft\windows\start menu\programs\administrative tools.lnk,C:\Temp\Trigger0\out\FileFolderAccess\20251224222823_LECmd_Output.csv,,,
2025-12-24T22:28:23.000000000,2025-12-24T22:28:23.000000000,0,File_Access,RecentDocs,Opened: C:\Temp\Trigger0\kape\E\Users\Default\AppData\Roaming\Microsoft\Windows\Start Menu\Programs\File Explorer.lnk [Args: ],Unknown,c:\temp\trigger0\kape\e\users\default\appdata\roaming\microsoft\windows\start menu\programs\file explorer.lnk,C:\Temp\Trigger0\out\FileFolderAccess\20251224222823_LECmd_Output.csv,,,
2025-12-24T22:28:23.000000000,2025-12-24T22:28:23.000000000,0,File_Access,RecentDocs,Opened: C:\Users\user\AppData\Local\Microsoft\OneDrive\OneDrive.exe [Args: ],Unknown,c:\users\user\appdata\local\microsoft\onedrive\onedrive.exe,C:\Temp\Trigger0\out\FileFolderAccess\20251224222823_LECmd_Output.csv,,,
2025-12-24T22:28:22.894324000,2025-12-24T22:28:22.894324000,0,File_Access,RecentDocs,Opened: C:\Program Files (x86)\Microsoft\Edge\Application\msedge.exe [Args: --edge-jumplist-new-window],Unknown,c:\program files (x86)\microsoft\edge\application\msedge.exe,C:\Temp\Trigger0\out\FileFolderAccess\20251224222822_CustomDestinations.csv,,,
2025-12-24T22:28:22.894324000,2025-12-24T22:28:22.894324000,0,File_Access,RecentDocs,Opened: C:\Program Files (x86)\Microsoft\Edge\Application\msedge.exe [Args: --inprivate],Unknown,c:\program files (x86)\microsoft\edge\application\msedge.exe,C:\Temp\Trigger0\out\FileFolderAccess\20251224222822_CustomDestinations.csv,,,
2025-12-24T22:28:22.882703000,2025-12-24T22:28:22.882703000,0,File_Access,RecentDocs,Opened: C:\Users\user\AppData\Roaming\Microsoft\Windows\Start Menu\Programs\Windows PowerShell\Windows PowerShell.lnk [Args: ],Unknown,c:\users\user\appdata\roaming\microsoft\windows\start menu\programs\windows powershell\windows powershell.lnk,C:\Temp\Trigger0\out\FileFolderAccess\20251224222822_CustomDestinations.csv,,,
2025-12-24T22:28:22.882703000,2025-12-24T22:28:22.882703000,0,File_Access,RecentDocs,Opened: C:\Windows\System32\WindowsPowerShell\v1.0\powershell_ise.exe [Args: ],Unknown,c:\windows\system32\windowspowershell\v1.0\powershell_ise.exe,C:\Temp\Trigger0\out\FileFolderAccess\20251224222822_CustomDestinations.csv,,,
2025-12-24T22:28:22.882703000,2025-12-24T22:28:22.882703000,0,File_Access,RecentDocs,Opened: C:\Windows\System32\WindowsPowerShell\v1.0\powershell_ise.exe [Args: ],Unknown,c:\windows\system32\windowspowershell\v1.0\powershell_ise.exe,C:\Temp\Trigger0\out\FileFolderAccess\20251224222822_CustomDestinations.csv,,,
2025-12-24T22:28:22.881702000,2025-12-24T22:28:22.881702000,0,File_Access,RecentDocs,Opened: C:\Users\user\Desktop [Args: ],Unknown,c:\users\user\desktop,C:\Temp\Trigger0\out\FileFolderAccess\20251224222822_AutomaticDestinations.csv,,,
2025-12-24T22:28:22.881702000,2025-12-24T22:28:22.881702000,0,File_Access,RecentDocs,Opened: C:\Users\user\Downloads [Args: ],Unknown,c:\users\user\downloads,C:\Temp\Trigger0\out\FileFolderAccess\20251224222822_AutomaticDestinations.csv,,,
2025-12-24T22:28:22.881702000,2025-12-24T22:28:22.881702000,0,File_Access,RecentDocs,Opened: C:\Users\user\Videos [Args: ],Unknown,c:\users\user\videos,C:\Temp\Trigger0\out\FileFolderAccess\20251224222822_AutomaticDestinations.csv,,,
2025-12-24T22:28:22.881702000,2025-12-24T22:28:22.881702000,0,File_Access,RecentDocs,Opened: C:\Users\user\Music [Args: ],Unknown,c:\users\user\music,C:\Temp\Trigger0\out\FileFolderAccess\20251224222822_AutomaticDestinations.csv,,,
2025-12-24T22:28:22.881702000,2025-12-24T22:28:22.881702000,0,File_Access,RecentDocs,Opened: C:\Users\user\Pictures [Args: ],Unknown,c:\users\user\pictures,C:\Temp\Trigger0\out\FileFolderAccess\20251224222822_AutomaticDestinations.csv,,,
2025-12-24T22:28:22.881702000,2025-12-24T22:28:22.881702000,0,File_Access,RecentDocs,Opened: C:\Users\user\Documents [Args: ],Unknown,c:\users\user\documents,C:\Temp\Trigger0\out\FileFolderAccess\20251224222822_AutomaticDestinations.csv,,,
2025-12-24T22:28:22.814462000,2025-12-24T22:28:22.814462000,0,File_Access,RecentDocs,Opened: C:\Users\defaultuser0\Videos [Args: ],Unknown,c:\users\defaultuser0\videos,C:\Temp\Trigger0\out\FileFolderAccess\20251224222822_AutomaticDestinations.csv,,,
2025-12-24T22:28:22.814462000,2025-12-24T22:28:22.814462000,0,File_Access,RecentDocs,Opened: C:\Users\defaultuser0\Music [Args: ],Unknown,c:\users\defaultuser0\music,C:\Temp\Trigger0\out\FileFolderAccess\20251224222822_AutomaticDestinations.csv,,,
2025-12-24T22:28:22.814462000,2025-12-24T22:28:22.814462000,0,File_Access,RecentDocs,Opened: C:\Users\defaultuser0\Pictures [Args: ],Unknown,c:\users\defaultuser0\pictures,C:\Temp\Trigger0\out\FileFolderAccess\20251224222822_AutomaticDestinations.csv,,,
2025-12-24T22:28:22.814462000,2025-12-24T22:28:22.814462000,0,File_Access,RecentDocs,Opened: C:\Users\defaultuser0\Downloads [Args: ],Unknown,c:\users\defaultuser0\downloads,C:\Temp\Trigger0\out\FileFolderAccess\20251224222822_AutomaticDestinations.csv,,,
2025-12-24T22:28:22.814462000,2025-12-24T22:28:22.814462000,0,File_Access,RecentDocs,Opened: C:\Users\defaultuser0\Documents [Args: ],Unknown,c:\users\defaultuser0\documents,C:\Temp\Trigger0\out\FileFolderAccess\20251224222822_AutomaticDestinations.csv,,,
2025-12-24T22:28:22.814462000,2025-12-24T22:28:22.814462000,0,File_Access,RecentDocs,Opened: C:\Users\defaultuser0\Desktop [Args: ],Unknown,c:\users\defaultuser0\desktop,C:\Temp\Trigger0\out\FileFolderAccess\20251224222822_AutomaticDestinations.csv,,,
2025-12-21T11:32:05.347810000,2025-12-21T11:32:05.347810000,0,Artifact_Write,Amcache,,System,,C:\Temp\Trigger0\out\ProgramExecution\20251225072747_Amcache_UnassociatedFileEntries.csv,,,
2025-12-21T11:31:18.000000000,2025-12-21T11:31:18.000000000,0,Execution,Prefetch,MOUSOCOREWORKER.EXE (Run: 3),System,mousocoreworker.exe,C:\Temp\Trigger0\out\ProgramExecution\20251224222824_PECmd_Output.csv,,,[EXEC] MOUSOCOREWORKER.EXE (Run: 3)
2025-12-21T11:31:17.000000000,2025-12-21T11:31:17.000000000,0,Execution,Prefetch,RUNTIMEBROKER.EXE (Run: 5),System,runtimebroker.exe,C:\Temp\Trigger0\out\ProgramExecution\20251224222824_PECmd_Output.csv,,,[EXEC] RUNTIMEBROKER.EXE (Run: 5)
2025-12-21T11:31:12.863000000,2025-12-21T11:31:12.863000000,0,Execution,UserAssist,{System32}\WindowsPowerShell\v1.0\powershell.exe (Run: 2),user,{system32}\windowspowershell\v1.0\powershell.exe,C:\Temp\Trigger0\out\Registry\20251224222912\20251224222912_UserAssist__E_Users_user_NTUSER.DAT.csv,,,
2025-12-21T11:31:12.863000000,2025-12-21T11:31:12.863000000,0,Execution,UserAssist,{Programs}\Windows PowerShell\Windows PowerShell.lnk (Run: 2),user,{programs}\windows powershell\windows powershell.lnk,C:\Temp\Trigger0\out\Registry\20251224222912\20251224222912_UserAssist__E_Users_user_NTUSER.DAT.csv,,,
2025-12-21T11:31:09.000000000,2025-12-21T11:31:09.000000000,0,Execution,Prefetch,MSEDGEWEBVIEW2.EXE (Run: 1),System,msedgewebview2.exe,C:\Temp\Trigger0\out\ProgramExecution\20251224222824_PECmd_Output.csv,,,[EXEC] MSEDGEWEBVIEW2.EXE (Run: 1)
2025-12-21T11:31:06.000000000,2025-12-21T11:31:06.000000000,0,Execution,Prefetch,RUNTIMEBROKER.EXE (Run: 8),System,runtimebroker.exe,C:\Temp\Trigger0\out\ProgramExecution\20251224222824_PECmd_Output.csv,,,[EXEC] RUNTIMEBROKER.EXE (Run: 8)
2025-12-21T11:30:56.663565000,2025-12-21T11:30:56.663565000,0,Artifact_Write,Amcache,SecurityHealthService.exe,System,securityhealthservice.exe,C:\Temp\Trigger0\out\ProgramExecution\20251225072747_Amcache_UnassociatedFileEntries.csv,,,
2025-12-21T11:30:38.000000000,2025-12-21T11:30:38.000000000,0,Execution,Prefetch,RUNTIMEBROKER.EXE (Run: 1),System,runtimebroker.exe,C:\Temp\Trigger0\out\ProgramExecution\20251224222824_PECmd_Output.csv,,,[EXEC] RUNTIMEBROKER.EXE (Run: 1)
2025-12-21T11:30:33.000000000,2025-12-21T11:30:33.000000000,0,Execution,Prefetch,MICROSOFT.SHAREPOINT.EXE (Run: 1),System,microsoft.sharepoint.exe,C:\Temp\Trigger0\out\ProgramExecution\20251224222824_PECmd_Output.csv,,,[EXEC] MICROSOFT.SHAREPOINT.EXE (Run: 1)
2025-12-21T11:30:28.000000000,2025-12-21T11:30:28.000000000,0,Execution,Prefetch,FILECOAUTH.EXE (Run: 1),System,filecoauth.exe,C:\Temp\Trigger0\out\ProgramExecution\20251224222824_PECmd_Output.csv,,,[EXEC] FILECOAUTH.EXE (Run: 1)
2025-12-21T11:30:23.000000000,2025-12-21T11:30:23.000000000,0,Execution,Prefetch,ONEDRIVE.EXE (Run: 1),System,onedrive.exe,C:\Temp\Trigger0\out\ProgramExecution\20251224222824_PECmd_Output.csv,,,[EXEC] ONEDRIVE.EXE (Run: 1)
2025-12-21T11:30:21.000000000,2025-12-21T11:30:21.000000000,0,Execution,Prefetch,FILESYNCCONFIG.EXE (Run: 1),System,filesyncconfig.exe,C:\Temp\Trigger0\out\ProgramExecution\20251224222824_PECmd_Output.csv,,,[EXEC] FILESYNCCONFIG.EXE (Run: 1)
2025-12-21T11:30:18.000000000,2025-12-21T11:30:18.000000000,0,Execution,Prefetch,USEROOBEBROKER.EXE (Run: 2),System,useroobebroker.exe,C:\Temp\Trigger0\out\ProgramExecution\20251224222824_PECmd_Output.csv,,,[EXEC] USEROOBEBROKER.EXE (Run: 2)
2025-12-21T11:30:09.000000000,2025-12-21T11:30:09.000000000,0,Execution,Prefetch,SEARCHFILTERHOST.EXE (Run: 7),System,searchfilterhost.exe,C:\Temp\Trigger0\out\ProgramExecution\20251224222824_PECmd_Output.csv,,,[EXEC] SEARCHFILTERHOST.EXE (Run: 7)
2025-12-21T11:30:07.000000000,2025-12-21T11:30:07.000000000,0,Execution,Prefetch,DIRECTXDATABASEUPDATER.EXE (Run: 1),System,directxdatabaseupdater.exe,C:\Temp\Trigger0\out\ProgramExecution\20251224222824_PECmd_Output.csv,,,[EXEC] DIRECTXDATABASEUPDATER.EXE (Run: 1)
2025-12-21T11:30:04.000000000,2025-12-21T11:30:04.000000000,0,Execution,Prefetch,MSEDGE.EXE (Run: 10),System,msedge.exe,C:\Temp\Trigger0\out\ProgramExecution\20251224222824_PECmd_Output.csv,,,[EXEC] MSEDGE.EXE (Run: 10)
2025-12-21T11:30:03.000000000,2025-12-21T11:30:03.000000000,0,Execution,Prefetch,DLLHOST.EXE (Run: 10),System,dllhost.exe,C:\Temp\Trigger0\out\ProgramExecution\20251224222824_PECmd_Output.csv,,,[EXEC] DLLHOST.EXE (Run: 10)
2025-12-21T11:30:02.000000000,2025-12-21T11:30:02.000000000,0,Execution,Prefetch,MSEDGE.EXE (Run: 1),System,msedge.exe,C:\Temp\Trigger0\out\ProgramExecution\20251224222824_PECmd_Output.csv,,,[EXEC] MSEDGE.EXE (Run: 1)
2025-12-21T11:29:47.000000000,2025-12-21T11:29:47.000000000,0,Execution,Prefetch,SPPSVC.EXE (Run: 7),System,sppsvc.exe,C:\Temp\Trigger0\out\ProgramExecution\20251224222824_PECmd_Output.csv,,,[EXEC] SPPSVC.EXE (Run: 7)
2025-12-21T11:29:42.489589000,2025-12-21T11:29:42.489589000,0,Artifact_Write,Amcache,OneDriveSetup.exe,System,onedrivesetup.exe,C:\Temp\Trigger0\out\ProgramExecution\20251225072747_Amcache_UnassociatedFileEntries.csv,,,
2025-12-21T11:29:41.000000000,2025-12-21T11:29:41.000000000,0,Execution,Prefetch,ONEDRIVESETUP.EXE (Run: 2),System,onedrivesetup.exe,C:\Temp\Trigger0\out\ProgramExecution\20251224222824_PECmd_Output.csv,,,[EXEC] ONEDRIVESETUP.EXE (Run: 2)
2025-12-21T11:29:41.000000000,2025-12-21T11:29:41.000000000,0,Execution,Prefetch,WMIADAP.EXE (Run: 2),System,wmiadap.exe,C:\Temp\Trigger0\out\ProgramExecution\20251224222824_PECmd_Output.csv,,,[EXEC] WMIADAP.EXE (Run: 2)
2025-12-21T11:29:40.000000000,2025-12-21T11:29:40.000000000,0,Execution,Prefetch,SEARCHPROTOCOLHOST.EXE (Run: 4),System,searchprotocolhost.exe,C:\Temp\Trigger0\out\ProgramExecution\20251224222824_PECmd_Output.csv,,,[EXEC] SEARCHPROTOCOLHOST.EXE (Run: 4)
2025-12-21T11:29:34.000000000,2025-12-21T11:29:34.000000000,0,Execution,Prefetch,SVCHOST.EXE (Run: 2),System,svchost.exe,C:\Temp\Trigger0\out\ProgramExecution\20251224222824_PECmd_Output.csv,,,[EXEC] SVCHOST.EXE (Run: 2)
2025-12-21T11:29:32.814232000,2025-12-21T11:29:32.814232000,0,Artifact_Write,Amcache,powershell.exe,System,powershell.exe,C:\Temp\Trigger0\out\ProgramExecution\20251225072747_Amcache_UnassociatedFileEntries.csv,,,
2025-12-21T11:29:32.000000000,2025-12-21T11:29:32.000000000,0,Execution,Prefetch,SVCHOST.EXE (Run: 2),System,svchost.exe,C:\Temp\Trigger0\out\ProgramExecution\20251224222824_PECmd_Output.csv,,,[EXEC] SVCHOST.EXE (Run: 2)
2025-12-21T11:29:23.000000000,2025-12-21T11:29:23.000000000,0,Execution,Prefetch,BACKGROUNDTASKHOST.EXE (Run: 10),System,backgroundtaskhost.exe,C:\Temp\Trigger0\out\ProgramExecution\20251224222824_PECmd_Output.csv,,,[EXEC] BACKGROUNDTASKHOST.EXE (Run: 10)
2025-12-21T11:29:18.000000000,2025-12-21T11:29:18.000000000,0,Execution,Prefetch,BACKGROUNDTASKHOST.EXE (Run: 1),System,backgroundtaskhost.exe,C:\Temp\Trigger0\out\ProgramExecution\20251224222824_PECmd_Output.csv,,,[EXEC] BACKGROUNDTASKHOST.EXE (Run: 1)
2025-12-21T11:29:12.000000000,2025-12-21T11:29:12.000000000,0,Execution,Prefetch,MSEDGEWEBVIEW2.EXE (Run: 3),System,msedgewebview2.exe,C:\Temp\Trigger0\out\ProgramExecution\20251224222824_PECmd_Output.csv,,,[EXEC] MSEDGEWEBVIEW2.EXE (Run: 3)
2025-12-21T11:29:09.000000000,2025-12-21T11:29:09.000000000,0,Execution,Prefetch,MSEDGEWEBVIEW2.EXE (Run: 5),System,msedgewebview2.exe,C:\Temp\Trigger0\out\ProgramExecution\20251224222824_PECmd_Output.csv,,,[EXEC] MSEDGEWEBVIEW2.EXE (Run: 5)
2025-12-21T11:29:09.000000000,2025-12-21T11:29:09.000000000,0,Execution,Prefetch,MSEDGEWEBVIEW2.EXE (Run: 4),System,msedgewebview2.exe,C:\Temp\Trigger0\out\ProgramExecution\20251224222824_PECmd_Output.csv,,,[EXEC] MSEDGEWEBVIEW2.EXE (Run: 4)
2025-12-21T11:29:09.000000000,2025-12-21T11:29:09.000000000,0,Execution,Prefetch,MSEDGEWEBVIEW2.EXE (Run: 4),System,msedgewebview2.exe,C:\Temp\Trigger0\out\ProgramExecution\20251224222824_PECmd_Output.csv,,,[EXEC] MSEDGEWEBVIEW2.EXE (Run: 4)
2025-12-21T11:29:09.000000000,2025-12-21T11:29:09.000000000,0,Execution,Prefetch,MSEDGEWEBVIEW2.EXE (Run: 4),System,msedgewebview2.exe,C:\Temp\Trigger0\out\ProgramExecution\20251224222824_PECmd_Output.csv,,,[EXEC] MSEDGEWEBVIEW2.EXE (Run: 4)
2025-12-21T11:29:09.000000000,2025-12-21T11:29:09.000000000,0,Execution,Prefetch,MSEDGEWEBVIEW2.EXE (Run: 3),System,msedgewebview2.exe,C:\Temp\Trigger0\out\ProgramExecution\20251224222824_PECmd_Output.csv,,,[EXEC] MSEDGEWEBVIEW2.EXE (Run: 3)
2025-12-21T11:29:07.000000000,2025-12-21T11:29:07.000000000,0,Execution,Prefetch,SEARCHHOST.EXE (Run: 5),System,searchhost.exe,C:\Temp\Trigger0\out\ProgramExecution\20251224222824_PECmd_Output.csv,,,[EXEC] SEARCHHOST.EXE (Run: 5)
2025-12-21T11:29:04.000000000,2025-12-21T11:29:04.000000000,0,Execution,Prefetch,MSEDGE.EXE (Run: 1),System,msedge.exe,C:\Temp\Trigger0\out\ProgramExecution\20251224222824_PECmd_Output.csv,,,[EXEC] MSEDGE.EXE (Run: 1)
2025-12-21T11:28:56.000000000,2025-12-21T11:28:56.000000000,0,Execution,Prefetch,SECURITYHEALTHSERVICE.EXE (Run: 1),System,securityhealthservice.exe,C:\Temp\Trigger0\out\ProgramExecution\20251224222824_PECmd_Output.csv,,,[EXEC] SECURITYHEALTHSERVICE.EXE (Run: 1)
2025-12-21T11:28:56.000000000,2025-12-21T11:28:56.000000000,0,Execution,Prefetch,SECURITYHEALTHSYSTRAY.EXE (Run: 1),System,securityhealthsystray.exe,C:\Temp\Trigger0\out\ProgramExecution\20251224222824_PECmd_Output.csv,,,[EXEC] SECURITYHEALTHSYSTRAY.EXE (Run: 1)
2025-12-21T11:28:53.000000000,2025-12-21T11:28:53.000000000,0,Execution,Prefetch,RUNDLL32.EXE (Run: 3),System,rundll32.exe,C:\Temp\Trigger0\out\ProgramExecution\20251224222824_PECmd_Output.csv,,,[EXEC] RUNDLL32.EXE (Run: 3)
2025-12-21T11:28:39.308741000,2025-12-21T11:28:39.308741000,0,Artifact_Write,Amcache,mobsync.exe,System,mobsync.exe,C:\Temp\Trigger0\out\ProgramExecution\20251225072747_Amcache_UnassociatedFileEntries.csv,,,
2025-12-21T11:28:30.578153000,2025-12-21T11:28:30.578153000,0,Artifact_Write,Amcache,OOBEFodSetup.exe,System,oobefodsetup.exe,C:\Temp\Trigger0\out\ProgramExecution\20251225072747_Amcache_UnassociatedFileEntries.csv,,,
2025-12-21T11:28:29.000000000,2025-12-21T11:28:29.000000000,0,Execution,Prefetch,DLLHOST.EXE (Run: 3),System,dllhost.exe,C:\Temp\Trigger0\out\ProgramExecution\20251224222824_PECmd_Output.csv,,,[EXEC] DLLHOST.EXE (Run: 3)
2025-12-21T11:28:26.585785000,2025-12-21T11:28:26.585785000,0,Artifact_Write,Amcache,fsquirt.exe,System,fsquirt.exe,C:\Temp\Trigger0\out\ProgramExecution\20251225072747_Amcache_UnassociatedFileEntries.csv,,,
2025-12-21T11:28:23.000000000,2025-12-21T11:28:23.000000000,0,Execution,Prefetch,RUNTIMEBROKER.EXE (Run: 1),System,runtimebroker.exe,C:\Temp\Trigger0\out\ProgramExecution\20251224222824_PECmd_Output.csv,,,[EXEC] RUNTIMEBROKER.EXE (Run: 1)
2025-12-21T11:28:22.000000000,2025-12-21T11:28:22.000000000,0,Execution,Prefetch,SHELLEXPERIENCEHOST.EXE (Run: 1),System,shellexperiencehost.exe,C:\Temp\Trigger0\out\ProgramExecution\20251224222824_PECmd_Output.csv,,,[EXEC] SHELLEXPERIENCEHOST.EXE (Run: 1)
2025-12-21T11:28:21.000000000,2025-12-21T11:28:21.000000000,0,Execution,Prefetch,RUNTIMEBROKER.EXE (Run: 1),System,runtimebroker.exe,C:\Temp\Trigger0\out\ProgramExecution\20251224222824_PECmd_Output.csv,,,[EXEC] RUNTIMEBROKER.EXE (Run: 1)
2025-12-21T11:28:18.000000000,2025-12-21T11:28:18.000000000,0,Execution,Prefetch,BACKGROUNDTASKHOST.EXE (Run: 1),System,backgroundtaskhost.exe,C:\Temp\Trigger0\out\ProgramExecution\20251224222824_PECmd_Output.csv,,,[EXEC] BACKGROUNDTASKHOST.EXE (Run: 1)
2025-12-21T11:28:15.000000000,2025-12-21T11:28:15.000000000,0,Execution,Prefetch,SVCHOST.EXE (Run: 3),System,svchost.exe,C:\Temp\Trigger0\out\ProgramExecution\20251224222824_PECmd_Output.csv,,,[EXEC] SVCHOST.EXE (Run: 3)
2025-12-21T11:28:14.000000000,2025-12-21T11:28:14.000000000,0,Execution,Prefetch,WMIPRVSE.EXE (Run: 11),System,wmiprvse.exe,C:\Temp\Trigger0\out\ProgramExecution\20251224222824_PECmd_Output.csv,,,[EXEC] WMIPRVSE.EXE (Run: 11)
2025-12-21T11:28:12.000000000,2025-12-21T11:28:12.000000000,0,Execution,Prefetch,SVCHOST.EXE (Run: 3),System,svchost.exe,C:\Temp\Trigger0\out\ProgramExecution\20251224222824_PECmd_Output.csv,,,[EXEC] SVCHOST.EXE (Run: 3)
2025-12-21T11:28:07.000000000,2025-12-21T11:28:07.000000000,0,Execution,Prefetch,SVCHOST.EXE (Run: 3),System,svchost.exe,C:\Temp\Trigger0\out\ProgramExecution\20251224222824_PECmd_Output.csv,,,[EXEC] SVCHOST.EXE (Run: 3)
2025-12-21T11:28:01.000000000,2025-12-21T11:28:01.000000000,0,Execution,Prefetch,SETUP.EXE (Run: 5),System,setup.exe,C:\Temp\Trigger0\out\ProgramExecution\20251224222824_PECmd_Output.csv,,,[EXEC] SETUP.EXE (Run: 5)
2025-12-21T11:28:01.000000000,2025-12-21T11:28:01.000000000,0,Execution,Prefetch,SETUP.EXE (Run: 5),System,setup.exe,C:\Temp\Trigger0\out\ProgramExecution\20251224222824_PECmd_Output.csv,,,[EXEC] SETUP.EXE (Run: 5)
2025-12-21T11:28:00.000000000,2025-12-21T11:28:00.000000000,0,Execution,Prefetch,SVCHOST.EXE (Run: 5),System,svchost.exe,C:\Temp\Trigger0\out\ProgramExecution\20251224222824_PECmd_Output.csv,,,[EXEC] SVCHOST.EXE (Run: 5)
2025-12-21T11:27:55.000000000,2025-12-21T11:27:55.000000000,0,Execution,Prefetch,MICROSOFTEDGEUPDATE.EXE (Run: 14),System,microsoftedgeupdate.exe,C:\Temp\Trigger0\out\ProgramExecution\20251224222824_PECmd_Output.csv,,,[EXEC] MICROSOFTEDGEUPDATE.EXE (Run: 14)
2025-12-21T11:27:55.000000000,2025-12-21T11:27:55.000000000,0,Execution,Prefetch,SVCHOST.EXE (Run: 3),System,svchost.exe,C:\Temp\Trigger0\out\ProgramExecution\20251224222824_PECmd_Output.csv,,,[EXEC] SVCHOST.EXE (Run: 3)
2025-12-21T11:27:49.644993000,2025-12-21T11:27:49.644993000,0,Artifact_Write,Amcache,identity_helper.exe,System,identity_helper.exe,C:\Temp\Trigger0\out\ProgramExecution\20251225072747_Amcache_UnassociatedFileEntries.csv,,,
2025-12-21T11:27:49.000000000,2025-12-21T11:27:49.000000000,0,Execution,Prefetch,IDENTITY_HELPER.EXE (Run: 1),System,identity_helper.exe,C:\Temp\Trigger0\out\ProgramExecution\20251224222824_PECmd_Output.csv,,,[EXEC] IDENTITY_HELPER.EXE (Run: 1)
2025-12-21T11:27:39.000000000,2025-12-21T11:27:39.000000000,0,Execution,Prefetch,RUNTIMEBROKER.EXE (Run: 1),System,runtimebroker.exe,C:\Temp\Trigger0\out\ProgramExecution\20251224222824_PECmd_Output.csv,,,[EXEC] RUNTIMEBROKER.EXE (Run: 1)
2025-12-21T11:27:32.000000000,2025-12-21T11:27:32.000000000,0,Execution,Prefetch,MONOTIFICATIONUX.EXE (Run: 5),System,monotificationux.exe,C:\Temp\Trigger0\out\ProgramExecution\20251224222824_PECmd_Output.csv,,,[EXEC] MONOTIFICATIONUX.EXE (Run: 5)
2025-12-21T11:27:30.000000000,2025-12-21T11:27:30.000000000,0,Execution,Prefetch,DISMHOST.EXE (Run: 1),System,dismhost.exe,C:\Temp\Trigger0\out\ProgramExecution\20251224222824_PECmd_Output.csv,,,[EXEC] DISMHOST.EXE (Run: 1)
2025-12-21T11:27:13.000000000,2025-12-21T11:27:13.000000000,0,Execution,Prefetch,MSEDGE.EXE (Run: 1),System,msedge.exe,C:\Temp\Trigger0\out\ProgramExecution\20251224222824_PECmd_Output.csv,,,[EXEC] MSEDGE.EXE (Run: 1)
2025-12-21T11:27:10.000000000,2025-12-21T11:27:10.000000000,0,Execution,Prefetch,SVCHOST.EXE (Run: 3),System,svchost.exe,C:\Temp\Trigger0\out\ProgramExecution\20251224222824_PECmd_Output.csv,,,[EXEC] SVCHOST.EXE (Run: 3)
2025-12-21T11:27:07.604239000,2025-12-21T11:27:07.604239000,0,Artifact_Write,Amcache,elevation_service.exe,System,elevation_service.exe,C:\Temp\Trigger0\out\ProgramExecution\20251225072747_Amcache_UnassociatedFileEntries.csv,,,
2025-12-21T11:27:05.483398000,2025-12-21T11:27:05.483398000,0,Artifact_Write,Amcache,msedge.exe,System,msedge.exe,C:\Temp\Trigger0\out\ProgramExecution\20251225072747_Amcache_UnassociatedFileEntries.csv,,,
2025-12-21T11:27:04.000000000,2025-12-21T11:27:04.000000000,0,Execution,Prefetch,MSEDGE.EXE (Run: 1),System,msedge.exe,C:\Temp\Trigger0\out\ProgramExecution\20251224222824_PECmd_Output.csv,,,[EXEC] MSEDGE.EXE (Run: 1)
2025-12-21T11:27:04.000000000,2025-12-21T11:27:04.000000000,0,Execution,Prefetch,MSEDGE.EXE (Run: 1),System,msedge.exe,C:\Temp\Trigger0\out\ProgramExecution\20251224222824_PECmd_Output.csv,,,[EXEC] MSEDGE.EXE (Run: 1)
2025-12-21T11:27:03.000000000,2025-12-21T11:27:03.000000000,0,Execution,Prefetch,DLLHOST.EXE (Run: 2),System,dllhost.exe,C:\Temp\Trigger0\out\ProgramExecution\20251224222824_PECmd_Output.csv,,,[EXEC] DLLHOST.EXE (Run: 2)
2025-12-21T11:26:48.000000000,2025-12-21T11:26:48.000000000,0,Execution,Prefetch,SVCHOST.EXE (Run: 3),System,svchost.exe,C:\Temp\Trigger0\out\ProgramExecution\20251224222824_PECmd_Output.csv,,,[EXEC] SVCHOST.EXE (Run: 3)
2025-12-21T11:26:48.000000000,2025-12-21T11:26:48.000000000,0,Execution,Prefetch,SVCHOST.EXE (Run: 1),System,svchost.exe,C:\Temp\Trigger0\out\ProgramExecution\20251224222824_PECmd_Output.csv,,,[EXEC] SVCHOST.EXE (Run: 1)
2025-12-21T11:26:47.000000000,2025-12-21T11:26:47.000000000,0,Execution,Prefetch,STARTMENUEXPERIENCEHOST.EXE (Run: 1),System,startmenuexperiencehost.exe,C:\Temp\Trigger0\out\ProgramExecution\20251224222824_PECmd_Output.csv,,,[EXEC] STARTMENUEXPERIENCEHOST.EXE (Run: 1)
2025-12-21T11:26:47.000000000,2025-12-21T11:26:47.000000000,0,Execution,Prefetch,SVCHOST.EXE (Run: 3),System,svchost.exe,C:\Temp\Trigger0\out\ProgramExecution\20251224222824_PECmd_Output.csv,,,[EXEC] SVCHOST.EXE (Run: 3)
2025-12-21T11:26:46.000000000,2025-12-21T11:26:46.000000000,0,Execution,Prefetch,WLRMDR.EXE (Run: 3),System,wlrmdr.exe,C:\Temp\Trigger0\out\ProgramExecution\20251224222824_PECmd_Output.csv,,,[EXEC] WLRMDR.EXE (Run: 3)
2025-12-21T11:26:44.000000000,2025-12-21T11:26:44.000000000,0,Execution,Prefetch,SVCHOST.EXE (Run: 3),System,svchost.exe,C:\Temp\Trigger0\out\ProgramExecution\20251224222824_PECmd_Output.csv,,,[EXEC] SVCHOST.EXE (Run: 3)
2025-12-21T11:26:38.000000000,2025-12-21T11:26:38.000000000,0,Execution,Prefetch,BACKGROUNDTASKHOST.EXE (Run: 3),System,backgroundtaskhost.exe,C:\Temp\Trigger0\out\ProgramExecution\20251224222824_PECmd_Output.csv,,,[EXEC] BACKGROUNDTASKHOST.EXE (Run: 3)
2025-12-21T11:26:38.000000000,2025-12-21T11:26:38.000000000,0,Execution,Prefetch,SVCHOST.EXE (Run: 1),System,svchost.exe,C:\Temp\Trigger0\out\ProgramExecution\20251224222824_PECmd_Output.csv,,,[EXEC] SVCHOST.EXE (Run: 1)
2025-12-21T11:26:37.324918000,2025-12-21T11:26:37.324918000,0,Artifact_Write,Amcache,consent.exe,System,consent.exe,C:\Temp\Trigger0\out\ProgramExecution\20251225072747_Amcache_UnassociatedFileEntries.csv,,,
2025-12-21T11:26:37.000000000,2025-12-21T11:26:37.000000000,0,Execution,Prefetch,DLLHOST.EXE (Run: 1),System,dllhost.exe,C:\Temp\Trigger0\out\ProgramExecution\20251224222824_PECmd_Output.csv,,,[EXEC] DLLHOST.EXE (Run: 1)
2025-12-21T11:26:37.000000000,2025-12-21T11:26:37.000000000,0,Execution,Prefetch,DLLHOST.EXE (Run: 1),System,dllhost.exe,C:\Temp\Trigger0\out\ProgramExecution\20251224222824_PECmd_Output.csv,,,[EXEC] DLLHOST.EXE (Run: 1)
2025-12-21T11:26:37.000000000,2025-12-21T11:26:37.000000000,0,Execution,Prefetch,TEXTINPUTHOST.EXE (Run: 1),System,textinputhost.exe,C:\Temp\Trigger0\out\ProgramExecution\20251224222824_PECmd_Output.csv,,,[EXEC] TEXTINPUTHOST.EXE (Run: 1)
2025-12-21T11:26:35.000000000,2025-12-21T11:26:35.000000000,0,Execution,Prefetch,SVCHOST.EXE (Run: 1),System,svchost.exe,C:\Temp\Trigger0\out\ProgramExecution\20251224222824_PECmd_Output.csv,,,[EXEC] SVCHOST.EXE (Run: 1)
2025-12-21T11:26:29.673569000,2025-12-21T11:26:29.673569000,0,Artifact_Write,Amcache,ie4uinit.exe,System,ie4uinit.exe,C:\Temp\Trigger0\out\ProgramExecution\20251225072747_Amcache_UnassociatedFileEntries.csv,,,
2025-12-21T11:26:29.176107000,2025-12-21T11:26:29.176107000,0,Artifact_Write,Amcache,unregmp2.exe,System,unregmp2.exe,C:\Temp\Trigger0\out\ProgramExecution\20251225072747_Amcache_UnassociatedFileEntries.csv,,,
2025-12-21T11:26:29.045975000,2025-12-21T11:26:29.045975000,0,Artifact_Write,Amcache,tzsync.exe,System,tzsync.exe,C:\Temp\Trigger0\out\ProgramExecution\20251225072747_Amcache_UnassociatedFileEntries.csv,,,
2025-12-21T11:26:28.988859000,2025-12-21T11:26:28.988859000,0,Artifact_Write,Amcache,runonce.exe,System,runonce.exe,C:\Temp\Trigger0\out\ProgramExecution\20251225072747_Amcache_UnassociatedFileEntries.csv,,,
2025-12-21T11:26:23.000000000,2025-12-21T11:26:23.000000000,0,Execution,Prefetch,SVCHOST.EXE (Run: 2),System,svchost.exe,C:\Temp\Trigger0\out\ProgramExecution\20251224222824_PECmd_Output.csv,,,[EXEC] SVCHOST.EXE (Run: 2)
2025-12-21T11:26:20.000000000,2025-12-21T11:26:20.000000000,0,Execution,Prefetch,CROSSDEVICERESUME.EXE (Run: 1),System,crossdeviceresume.exe,C:\Temp\Trigger0\out\ProgramExecution\20251224222824_PECmd_Output.csv,,,[EXEC] CROSSDEVICERESUME.EXE (Run: 1)
2025-12-21T11:26:16.000000000,2025-12-21T11:26:16.000000000,0,Execution,Prefetch,EXPLORER.EXE (Run: 1),System,explorer.exe,C:\Temp\Trigger0\out\ProgramExecution\20251224222824_PECmd_Output.csv,,,[EXEC] EXPLORER.EXE (Run: 1)
2025-12-21T11:26:12.658772000,2025-12-21T11:26:12.658772000,0,Artifact_Write,Amcache,mscorsvw.exe,System,mscorsvw.exe,C:\Temp\Trigger0\out\ProgramExecution\20251225072747_Amcache_UnassociatedFileEntries.csv,,,
2025-12-21T11:26:12.648690000,2025-12-21T11:26:12.648690000,0,Artifact_Write,Amcache,mscorsvw.exe,System,mscorsvw.exe,C:\Temp\Trigger0\out\ProgramExecution\20251225072747_Amcache_UnassociatedFileEntries.csv,,,
2025-12-21T11:26:12.633535000,2025-12-21T11:26:12.633535000,0,Artifact_Write,Amcache,ngen.exe,System,ngen.exe,C:\Temp\Trigger0\out\ProgramExecution\20251225072747_Amcache_UnassociatedFileEntries.csv,,,
2025-12-21T11:26:12.608016000,2025-12-21T11:26:12.608016000,0,Artifact_Write,Amcache,ngen.exe,System,ngen.exe,C:\Temp\Trigger0\out\ProgramExecution\20251225072747_Amcache_UnassociatedFileEntries.csv,,,
2025-12-21T11:26:05.000000000,2025-12-21T11:26:05.000000000,0,Execution,Prefetch,DLLHOST.EXE (Run: 1),System,dllhost.exe,C:\Temp\Trigger0\out\ProgramExecution\20251224222824_PECmd_Output.csv,,,[EXEC] DLLHOST.EXE (Run: 1)
2025-12-21T11:26:02.000000000,2025-12-21T11:26:02.000000000,0,Execution,Prefetch,DLLHOST.EXE (Run: 3),System,dllhost.exe,C:\Temp\Trigger0\out\ProgramExecution\20251224222824_PECmd_Output.csv,,,[EXEC] DLLHOST.EXE (Run: 3)
2025-12-21T11:24:47.966960000,2025-12-21T11:24:47.966960000,0,Execution,UserAssist,Microsoft.WindowsFeedbackHub_8wekyb3d8bbwe!App (Run: 14),user,microsoft.windowsfeedbackhub_8wekyb3d8bbwe!app,C:\Temp\Trigger0\out\Registry\20251224222912\20251224222912_UserAssist__E_Users_user_NTUSER.DAT.csv,,,
2025-12-21T11:24:47.966960000,2025-12-21T11:24:47.966960000,0,Execution,UserAssist,Microsoft.MicrosoftStickyNotes_8wekyb3d8bbwe!App (Run: 11),user,microsoft.microsoftstickynotes_8wekyb3d8bbwe!app,C:\Temp\Trigger0\out\Registry\20251224222912\20251224222912_UserAssist__E_Users_user_NTUSER.DAT.csv,,,
2025-12-21T11:24:47.966960000,2025-12-21T11:24:47.966960000,0,Execution,UserAssist,Microsoft.WindowsCalculator_8wekyb3d8bbwe!App (Run: 8),user,microsoft.windowscalculator_8wekyb3d8bbwe!app,C:\Temp\Trigger0\out\Registry\20251224222912\20251224222912_UserAssist__E_Users_user_NTUSER.DAT.csv,,,
2025-12-21T11:24:47.966960000,2025-12-21T11:24:47.966960000,0,Execution,UserAssist,Microsoft.Paint_8wekyb3d8bbwe!App (Run: 5),user,microsoft.paint_8wekyb3d8bbwe!app,C:\Temp\Trigger0\out\Registry\20251224222912\20251224222912_UserAssist__E_Users_user_NTUSER.DAT.csv,,,
2025-12-21T11:24:47.966960000,2025-12-21T11:24:47.966960000,0,Execution,UserAssist,Microsoft.WindowsNotepad_8wekyb3d8bbwe!App (Run: 2),user,microsoft.windowsnotepad_8wekyb3d8bbwe!app,C:\Temp\Trigger0\out\Registry\20251224222912\20251224222912_UserAssist__E_Users_user_NTUSER.DAT.csv,,,
2025-12-21T11:18:44.000000000,2025-12-21T11:18:44.000000000,0,Execution,Prefetch,SVCHOST.EXE (Run: 1),System,svchost.exe,C:\Temp\Trigger0\out\ProgramExecution\20251224222824_PECmd_Output.csv,,,[EXEC] SVCHOST.EXE (Run: 1)
2025-12-21T11:18:40.000000000,2025-12-21T11:18:40.000000000,0,Execution,Prefetch,SVCHOST.EXE (Run: 2),System,svchost.exe,C:\Temp\Trigger0\out\ProgramExecution\20251224222824_PECmd_Output.csv,,,[EXEC] SVCHOST.EXE (Run: 2)
2025-12-21T11:18:39.000000000,2025-12-21T11:18:39.000000000,0,Execution,Prefetch,SVCHOST.EXE (Run: 1),System,svchost.exe,C:\Temp\Trigger0\out\ProgramExecution\20251224222824_PECmd_Output.csv,,,[EXEC] SVCHOST.EXE (Run: 1)
2025-12-21T11:18:38.000000000,2025-12-21T11:18:38.000000000,0,Execution,Prefetch,LOGONUI.EXE (Run: 1),System,logonui.exe,C:\Temp\Trigger0\out\ProgramExecution\20251224222824_PECmd_Output.csv,,,[EXEC] LOGONUI.EXE (Run: 1)
2025-12-21T11:08:37.017440000,2025-12-21T11:08:37.017440000,0,Artifact_Write,Amcache,TiWorker.exe,System,tiworker.exe,C:\Temp\Trigger0\out\ProgramExecution\20251225072747_Amcache_UnassociatedFileEntries.csv,,,
2025-12-21T11:08:37.000000000,2025-12-21T11:08:37.000000000,0,Execution,Prefetch,SVCHOST.EXE (Run: 3),System,svchost.exe,C:\Temp\Trigger0\out\ProgramExecution\20251224222824_PECmd_Output.csv,,,[EXEC] SVCHOST.EXE (Run: 3)
2025-12-21T11:08:37.000000000,2025-12-21T11:08:37.000000000,0,Execution,Prefetch,WERMGR.EXE (Run: 2),System,wermgr.exe,C:\Temp\Trigger0\out\ProgramExecution\20251224222824_PECmd_Output.csv,,,[EXEC] WERMGR.EXE (Run: 2)
2025-12-21T11:08:06.000000000,2025-12-21T11:08:06.000000000,0,Execution,Prefetch,TIWORKER.EXE (Run: 1),System,tiworker.exe,C:\Temp\Trigger0\out\ProgramExecution\20251224222824_PECmd_Output.csv,,,[EXEC] TIWORKER.EXE (Run: 1)
2025-12-21T11:07:58.000000000,2025-12-21T11:07:58.000000000,0,Execution,Prefetch,TIWORKER.EXE (Run: 3),System,tiworker.exe,C:\Temp\Trigger0\out\ProgramExecution\20251224222824_PECmd_Output.csv,,,[EXEC] TIWORKER.EXE (Run: 3)
2025-12-21T11:07:58.000000000,2025-12-21T11:07:58.000000000,0,Execution,Prefetch,TRUSTEDINSTALLER.EXE (Run: 2),System,trustedinstaller.exe,C:\Temp\Trigger0\out\ProgramExecution\20251224222824_PECmd_Output.csv,,,[EXEC] TRUSTEDINSTALLER.EXE (Run: 2)
2025-12-21T11:07:18.992305000,2025-12-21T11:07:18.992305000,0,Artifact_Write,Amcache,wimserv.exe,System,wimserv.exe,C:\Temp\Trigger0\out\ProgramExecution\20251225072747_Amcache_UnassociatedFileEntries.csv,,,
2025-12-21T11:06:10.717512000,2025-12-21T11:06:10.717512000,0,Artifact_Write,Amcache,DismHost.exe,System,dismhost.exe,C:\Temp\Trigger0\out\ProgramExecution\20251225072747_Amcache_UnassociatedFileEntries.csv,,,
2025-12-21T11:05:13.000000000,2025-12-21T11:05:13.000000000,0,Execution,Prefetch,DISMHOST.EXE (Run: 1),System,dismhost.exe,C:\Temp\Trigger0\out\ProgramExecution\20251224222824_PECmd_Output.csv,,,[EXEC] DISMHOST.EXE (Run: 1)
2025-12-21T11:04:48.000000000,2025-12-21T11:04:48.000000000,0,Execution,Prefetch,VDS.EXE (Run: 1),System,vds.exe,C:\Temp\Trigger0\out\ProgramExecution\20251224222824_PECmd_Output.csv,,,[EXEC] VDS.EXE (Run: 1)
2025-12-21T11:04:48.000000000,2025-12-21T11:04:48.000000000,0,Execution,Prefetch,VDSLDR.EXE (Run: 1),System,vdsldr.exe,C:\Temp\Trigger0\out\ProgramExecution\20251224222824_PECmd_Output.csv,,,[EXEC] VDSLDR.EXE (Run: 1)
2025-12-21T11:04:34.000000000,2025-12-21T11:04:34.000000000,0,Execution,Prefetch,WUAUCLTCORE.EXE (Run: 4),System,wuaucltcore.exe,C:\Temp\Trigger0\out\ProgramExecution\20251224222824_PECmd_Output.csv,,,[EXEC] WUAUCLTCORE.EXE (Run: 4)
2025-12-21T11:02:18.691404000,2025-12-21T11:02:18.691404000,0,Artifact_Write,Amcache,UserOOBEBroker.exe,System,useroobebroker.exe,C:\Temp\Trigger0\out\ProgramExecution\20251225072747_Amcache_UnassociatedFileEntries.csv,,,
2025-12-21T10:57:56.000000000,2025-12-21T10:57:56.000000000,0,Execution,Prefetch,SVCHOST.EXE (Run: 2),System,svchost.exe,C:\Temp\Trigger0\out\ProgramExecution\20251224222824_PECmd_Output.csv,,,[EXEC] SVCHOST.EXE (Run: 2)
2025-12-21T10:50:47.000000000,2025-12-21T10:50:47.000000000,0,Execution,Prefetch,SVCHOST.EXE (Run: 3),System,svchost.exe,C:\Temp\Trigger0\out\ProgramExecution\20251224222824_PECmd_Output.csv,,,[EXEC] SVCHOST.EXE (Run: 3)
2025-12-21T10:49:33.747399000,2025-12-21T10:49:33.747399000,0,Artifact_Write,Amcache,WMIADAP.exe,System,wmiadap.exe,C:\Temp\Trigger0\out\ProgramExecution\20251225072747_Amcache_UnassociatedFileEntries.csv,,,
2025-12-21T10:48:21.000000000,2025-12-21T10:48:21.000000000,0,Execution,Prefetch,SVCHOST.EXE (Run: 1),System,svchost.exe,C:\Temp\Trigger0\out\ProgramExecution\20251224222824_PECmd_Output.csv,,,[EXEC] SVCHOST.EXE (Run: 1)
2025-12-21T10:48:20.000000000,2025-12-21T10:48:20.000000000,0,Execution,Prefetch,MSEDGEWEBVIEW2.EXE (Run: 1),System,msedgewebview2.exe,C:\Temp\Trigger0\out\ProgramExecution\20251224222824_PECmd_Output.csv,,,[EXEC] MSEDGEWEBVIEW2.EXE (Run: 1)
2025-12-21T10:48:18.000000000,2025-12-21T10:48:18.000000000,0,Execution,Prefetch,MSEDGEWEBVIEW2.EXE (Run: 1),System,msedgewebview2.exe,C:\Temp\Trigger0\out\ProgramExecution\20251224222824_PECmd_Output.csv,,,[EXEC] MSEDGEWEBVIEW2.EXE (Run: 1)
2025-12-21T10:48:18.000000000,2025-12-21T10:48:18.000000000,0,Execution,Prefetch,MSEDGEWEBVIEW2.EXE (Run: 1),System,msedgewebview2.exe,C:\Temp\Trigger0\out\ProgramExecution\20251224222824_PECmd_Output.csv,,,[EXEC] MSEDGEWEBVIEW2.EXE (Run: 1)
2025-12-21T10:48:18.000000000,2025-12-21T10:48:18.000000000,0,Execution,Prefetch,MSEDGEWEBVIEW2.EXE (Run: 1),System,msedgewebview2.exe,C:\Temp\Trigger0\out\ProgramExecution\20251224222824_PECmd_Output.csv,,,[EXEC] MSEDGEWEBVIEW2.EXE (Run: 1)
2025-12-21T10:48:16.000000000,2025-12-21T10:48:16.000000000,0,Execution,Prefetch,MSEDGEWEBVIEW2.EXE (Run: 1),System,msedgewebview2.exe,C:\Temp\Trigger0\out\ProgramExecution\20251224222824_PECmd_Output.csv,,,[EXEC] MSEDGEWEBVIEW2.EXE (Run: 1)
2025-12-21T10:48:16.000000000,2025-12-21T10:48:16.000000000,0,Execution,Prefetch,MSEDGEWEBVIEW2.EXE (Run: 1),System,msedgewebview2.exe,C:\Temp\Trigger0\out\ProgramExecution\20251224222824_PECmd_Output.csv,,,[EXEC] MSEDGEWEBVIEW2.EXE (Run: 1)
2025-12-21T10:48:14.000000000,2025-12-21T10:48:14.000000000,0,Execution,Prefetch,WIDGETSERVICE.EXE (Run: 1),System,widgetservice.exe,C:\Temp\Trigger0\out\ProgramExecution\20251224222824_PECmd_Output.csv,,,[EXEC] WIDGETSERVICE.EXE (Run: 1)
2025-12-21T10:48:01.553773000,2025-12-21T10:48:01.553773000,0,Artifact_Write,Amcache,sc.exe,System,sc.exe,C:\Temp\Trigger0\out\ProgramExecution\20251225072747_Amcache_UnassociatedFileEntries.csv,,,
2025-12-21T10:47:10.477989000,2025-12-21T10:47:10.477989000,0,Artifact_Write,Amcache,SearchFilterHost.exe,System,searchfilterhost.exe,C:\Temp\Trigger0\out\ProgramExecution\20251225072747_Amcache_UnassociatedFileEntries.csv,,,
2025-12-21T10:45:37.000000000,2025-12-21T10:45:37.000000000,0,Execution,Prefetch,DRVINST.EXE (Run: 5),System,drvinst.exe,C:\Temp\Trigger0\out\ProgramExecution\20251224222824_PECmd_Output.csv,,,[EXEC] DRVINST.EXE (Run: 5)
2025-12-21T10:45:23.000000000,2025-12-21T10:45:23.000000000,0,Execution,Prefetch,SVCHOST.EXE (Run: 1),System,svchost.exe,C:\Temp\Trigger0\out\ProgramExecution\20251224222824_PECmd_Output.csv,,,[EXEC] SVCHOST.EXE (Run: 1)
2025-12-21T10:45:21.546070000,2025-12-21T10:45:21.546070000,0,Artifact_Write,Amcache,SearchProtocolHost.exe,System,searchprotocolhost.exe,C:\Temp\Trigger0\out\ProgramExecution\20251225072747_Amcache_UnassociatedFileEntries.csv,,,
2025-12-21T10:45:14.000000000,2025-12-21T10:45:14.000000000,0,Execution,Prefetch,DLLHOST.EXE (Run: 1),System,dllhost.exe,C:\Temp\Trigger0\out\ProgramExecution\20251224222824_PECmd_Output.csv,,,[EXEC] DLLHOST.EXE (Run: 1)
2025-12-21T10:45:14.000000000,2025-12-21T10:45:14.000000000,0,Execution,Prefetch,DSMUSERTASK.EXE (Run: 1),System,dsmusertask.exe,C:\Temp\Trigger0\out\ProgramExecution\20251224222824_PECmd_Output.csv,,,[EXEC] DSMUSERTASK.EXE (Run: 1)
2025-12-21T10:44:39.950433000,2025-12-21T10:44:39.950433000,0,Artifact_Write,Amcache,BdeUISrv.exe,System,bdeuisrv.exe,C:\Temp\Trigger0\out\ProgramExecution\20251225072747_Amcache_UnassociatedFileEntries.csv,,,
2025-12-21T10:44:39.913412000,2025-12-21T10:44:39.913412000,0,Artifact_Write,Amcache,DsmUserTask.exe,System,dsmusertask.exe,C:\Temp\Trigger0\out\ProgramExecution\20251225072747_Amcache_UnassociatedFileEntries.csv,,,
2025-12-21T10:44:39.704580000,2025-12-21T10:44:39.704580000,0,Artifact_Write,Amcache,wuaucltcore.exe,System,wuaucltcore.exe,C:\Temp\Trigger0\out\ProgramExecution\20251225072747_Amcache_UnassociatedFileEntries.csv,,,
2025-12-21T10:44:39.680881000,2025-12-21T10:44:39.680881000,0,Artifact_Write,Amcache,UCConfigTask.exe,System,ucconfigtask.exe,C:\Temp\Trigger0\out\ProgramExecution\20251225072747_Amcache_UnassociatedFileEntries.csv,,,
2025-12-21T10:44:39.492910000,2025-12-21T10:44:39.492910000,0,Artifact_Write,Amcache,appidcertstorecheck.exe,System,appidcertstorecheck.exe,C:\Temp\Trigger0\out\ProgramExecution\20251225072747_Amcache_UnassociatedFileEntries.csv,,,
2025-12-21T10:44:39.432600000,2025-12-21T10:44:39.432600000,0,Artifact_Write,Amcache,lpremove.exe,System,lpremove.exe,C:\Temp\Trigger0\out\ProgramExecution\20251225072747_Amcache_UnassociatedFileEntries.csv,,,
2025-12-21T10:44:39.415006000,2025-12-21T10:44:39.415006000,0,Artifact_Write,Amcache,smartscreen.exe,System,smartscreen.exe,C:\Temp\Trigger0\out\ProgramExecution\20251225072747_Amcache_UnassociatedFileEntries.csv,,,
2025-12-21T10:44:39.367162000,2025-12-21T10:44:39.367162000,0,Artifact_Write,Amcache,directxdatabaseupdater.exe,System,directxdatabaseupdater.exe,C:\Temp\Trigger0\out\ProgramExecution\20251225072747_Amcache_UnassociatedFileEntries.csv,,,
2025-12-21T10:44:39.329898000,2025-12-21T10:44:39.329898000,0,Artifact_Write,Amcache,slui.exe,System,slui.exe,C:\Temp\Trigger0\out\ProgramExecution\20251225072747_Amcache_UnassociatedFileEntries.csv,,,
2025-12-21T10:44:39.278834000,2025-12-21T10:44:39.278834000,0,Artifact_Write,Amcache,GenValObj.exe,System,genvalobj.exe,C:\Temp\Trigger0\out\ProgramExecution\20251225072747_Amcache_UnassociatedFileEntries.csv,,,
2025-12-21T10:44:39.256872000,2025-12-21T10:44:39.256872000,0,Artifact_Write,Amcache,SppExtComObj.Exe,System,sppextcomobj.exe,C:\Temp\Trigger0\out\ProgramExecution\20251225072747_Amcache_UnassociatedFileEntries.csv,,,
2025-12-21T10:44:39.234295000,2025-12-21T10:44:39.234295000,0,Artifact_Write,Amcache,setup.exe,System,setup.exe,C:\Temp\Trigger0\out\ProgramExecution\20251225072747_Amcache_UnassociatedFileEntries.csv,,,
2025-12-21T10:44:39.091829000,2025-12-21T10:44:39.091829000,0,Artifact_Write,Amcache,rgnupdt.exe,System,rgnupdt.exe,C:\Temp\Trigger0\out\ProgramExecution\20251225072747_Amcache_UnassociatedFileEntries.csv,,,
2025-12-21T10:44:38.938289000,2025-12-21T10:44:38.938289000,0,Artifact_Write,Amcache,explorer.exe,System,explorer.exe,C:\Temp\Trigger0\out\ProgramExecution\20251225072747_Amcache_UnassociatedFileEntries.csv,,,
2025-12-21T10:44:38.902734000,2025-12-21T10:44:38.902734000,0,Artifact_Write,Amcache,ShellHost.exe,System,shellhost.exe,C:\Temp\Trigger0\out\ProgramExecution\20251225072747_Amcache_UnassociatedFileEntries.csv,,,
2025-12-21T10:44:38.883236000,2025-12-21T10:44:38.883236000,0,Artifact_Write,Amcache,LogonUI.exe,System,logonui.exe,C:\Temp\Trigger0\out\ProgramExecution\20251225072747_Amcache_UnassociatedFileEntries.csv,,,
2025-12-21T10:44:38.867877000,2025-12-21T10:44:38.867877000,0,Artifact_Write,Amcache,NisSrv.exe,System,nissrv.exe,C:\Temp\Trigger0\out\ProgramExecution\20251225072747_Amcache_UnassociatedFileEntries.csv,,,
2025-12-21T10:44:38.776138000,2025-12-21T10:44:38.776138000,0,Artifact_Write,Amcache,audiodg.exe,System,audiodg.exe,C:\Temp\Trigger0\out\ProgramExecution\20251225072747_Amcache_UnassociatedFileEntries.csv,,,
2025-12-21T10:44:38.656094000,2025-12-21T10:44:38.656094000,0,Artifact_Write,Amcache,MoNotificationUx.exe,System,monotificationux.exe,C:\Temp\Trigger0\out\ProgramExecution\20251225072747_Amcache_UnassociatedFileEntries.csv,,,
2025-12-21T10:44:38.611826000,2025-12-21T10:44:38.611826000,0,Artifact_Write,Amcache,DismHost.exe,System,dismhost.exe,C:\Temp\Trigger0\out\ProgramExecution\20251225072747_Amcache_UnassociatedFileEntries.csv,,,
2025-12-21T10:44:38.591245000,2025-12-21T10:44:38.591245000,0,Artifact_Write,Amcache,MoUsoCoreWorker.exe,System,mousocoreworker.exe,C:\Temp\Trigger0\out\ProgramExecution\20251225072747_Amcache_UnassociatedFileEntries.csv,,,
2025-12-21T10:44:38.526783000,2025-12-21T10:44:38.526783000,0,Artifact_Write,Amcache,UsoClient.exe,System,usoclient.exe,C:\Temp\Trigger0\out\ProgramExecution\20251225072747_Amcache_UnassociatedFileEntries.csv,,,
2025-12-21T10:44:38.508555000,2025-12-21T10:44:38.508555000,0,Artifact_Write,Amcache,MDMAgent.exe,System,mdmagent.exe,C:\Temp\Trigger0\out\ProgramExecution\20251225072747_Amcache_UnassociatedFileEntries.csv,,,
2025-12-21T10:44:38.439252000,2025-12-21T10:44:38.439252000,0,Artifact_Write,Amcache,wlrmdr.exe,System,wlrmdr.exe,C:\Temp\Trigger0\out\ProgramExecution\20251225072747_Amcache_UnassociatedFileEntries.csv,,,
2025-12-21T10:44:38.419030000,2025-12-21T10:44:38.419030000,0,Artifact_Write,Amcache,MicrosoftEdgeUpdateComRegisterShell64.exe,System,microsoftedgeupdatecomregistershell64.exe,C:\Temp\Trigger0\out\ProgramExecution\20251225072747_Amcache_UnassociatedFileEntries.csv,,,
2025-12-21T10:44:38.397289000,2025-12-21T10:44:38.397289000,0,Artifact_Write,Amcache,wermgr.exe,System,wermgr.exe,C:\Temp\Trigger0\out\ProgramExecution\20251225072747_Amcache_UnassociatedFileEntries.csv,,,
2025-12-21T10:44:38.378496000,2025-12-21T10:44:38.378496000,0,Artifact_Write,Amcache,rundll32.exe,System,rundll32.exe,C:\Temp\Trigger0\out\ProgramExecution\20251225072747_Amcache_UnassociatedFileEntries.csv,,,
2025-12-21T10:44:38.257503000,2025-12-21T10:44:38.257503000,0,Artifact_Write,Amcache,CloudExperienceHostBroker.exe,System,cloudexperiencehostbroker.exe,C:\Temp\Trigger0\out\ProgramExecution\20251225072747_Amcache_UnassociatedFileEntries.csv,,,
2025-12-21T10:44:38.248771000,2025-12-21T10:44:38.248771000,0,Artifact_Write,Amcache,IMJPDCT.EXE,System,imjpdct.exe,C:\Temp\Trigger0\out\ProgramExecution\20251225072747_Amcache_UnassociatedFileEntries.csv,,,
2025-12-21T10:44:38.209427000,2025-12-21T10:44:38.209427000,0,Artifact_Write,Amcache,imecfmui.exe,System,imecfmui.exe,C:\Temp\Trigger0\out\ProgramExecution\20251225072747_Amcache_UnassociatedFileEntries.csv,,,
2025-12-21T10:44:38.164040000,2025-12-21T10:44:38.164040000,0,Artifact_Write,Amcache,sihost.exe,System,sihost.exe,C:\Temp\Trigger0\out\ProgramExecution\20251225072747_Amcache_UnassociatedFileEntries.csv,,,
2025-12-21T10:44:38.132062000,2025-12-21T10:44:38.132062000,0,Artifact_Write,Amcache,userinit.exe,System,userinit.exe,C:\Temp\Trigger0\out\ProgramExecution\20251225072747_Amcache_UnassociatedFileEntries.csv,,,
2025-12-21T10:44:37.975395000,2025-12-21T10:44:37.975395000,0,Artifact_Write,Amcache,dxgiadaptercache.exe,System,dxgiadaptercache.exe,C:\Temp\Trigger0\out\ProgramExecution\20251225072747_Amcache_UnassociatedFileEntries.csv,,,
2025-12-21T10:44:37.946286000,2025-12-21T10:44:37.946286000,0,Artifact_Write,Amcache,wermgr.exe,System,wermgr.exe,C:\Temp\Trigger0\out\ProgramExecution\20251225072747_Amcache_UnassociatedFileEntries.csv,,,
2025-12-21T10:44:37.924559000,2025-12-21T10:44:37.924559000,0,Artifact_Write,Amcache,DeviceCensus.exe,System,devicecensus.exe,C:\Temp\Trigger0\out\ProgramExecution\20251225072747_Amcache_UnassociatedFileEntries.csv,,,
2025-12-21T10:44:37.900012000,2025-12-21T10:44:37.900012000,0,Artifact_Write,Amcache,SenseTask.exe,System,sensetask.exe,C:\Temp\Trigger0\out\ProgramExecution\20251225072747_Amcache_UnassociatedFileEntries.csv,,,
2025-12-21T10:44:37.776048000,2025-12-21T10:44:37.776048000,0,Artifact_Write,Amcache,TiWorker.exe,System,tiworker.exe,C:\Temp\Trigger0\out\ProgramExecution\20251225072747_Amcache_UnassociatedFileEntries.csv,,,
2025-12-21T10:44:37.685945000,2025-12-21T10:44:37.685945000,0,Artifact_Write,Amcache,SearchIndexer.exe,System,searchindexer.exe,C:\Temp\Trigger0\out\ProgramExecution\20251225072747_Amcache_UnassociatedFileEntries.csv,,,
2025-12-21T10:44:37.616882000,2025-12-21T10:44:37.616882000,0,Artifact_Write,Amcache,FirstLogonAnim.exe,System,firstlogonanim.exe,C:\Temp\Trigger0\out\ProgramExecution\20251225072747_Amcache_UnassociatedFileEntries.csv,,,
2025-12-21T10:44:37.474693000,2025-12-21T10:44:37.474693000,0,Artifact_Write,Amcache,dllhost.exe,System,dllhost.exe,C:\Temp\Trigger0\out\ProgramExecution\20251225072747_Amcache_UnassociatedFileEntries.csv,,,
2025-12-21T10:44:37.375392000,2025-12-21T10:44:37.375392000,0,Artifact_Write,Amcache,Utilman.exe,System,utilman.exe,C:\Temp\Trigger0\out\ProgramExecution\20251225072747_Amcache_UnassociatedFileEntries.csv,,,
2025-12-21T10:44:37.322029000,2025-12-21T10:44:37.322029000,0,Artifact_Write,Amcache,ctfmon.exe,System,ctfmon.exe,C:\Temp\Trigger0\out\ProgramExecution\20251225072747_Amcache_UnassociatedFileEntries.csv,,,
2025-12-21T10:44:37.206891000,2025-12-21T10:44:37.206891000,0,Artifact_Write,Amcache,mcbuilder.exe,System,mcbuilder.exe,C:\Temp\Trigger0\out\ProgramExecution\20251225072747_Amcache_UnassociatedFileEntries.csv,,,
2025-12-21T10:44:37.157705000,2025-12-21T10:44:37.157705000,0,Artifact_Write,Amcache,msoobe.exe,System,msoobe.exe,C:\Temp\Trigger0\out\ProgramExecution\20251225072747_Amcache_UnassociatedFileEntries.csv,,,
2025-12-21T10:44:37.125044000,2025-12-21T10:44:37.125044000,0,Artifact_Write,Amcache,oobeldr.exe,System,oobeldr.exe,C:\Temp\Trigger0\out\ProgramExecution\20251225072747_Amcache_UnassociatedFileEntries.csv,,,
2025-12-21T10:44:37.010384000,2025-12-21T10:44:37.010384000,0,Artifact_Write,Amcache,MdmDiagnosticsTool.exe,System,mdmdiagnosticstool.exe,C:\Temp\Trigger0\out\ProgramExecution\20251225072747_Amcache_UnassociatedFileEntries.csv,,,
2025-12-21T10:44:36.975978000,2025-12-21T10:44:36.975978000,0,Artifact_Write,Amcache,provtool.exe,System,provtool.exe,C:\Temp\Trigger0\out\ProgramExecution\20251225072747_Amcache_UnassociatedFileEntries.csv,,,
2025-12-21T10:44:36.957512000,2025-12-21T10:44:36.957512000,0,Artifact_Write,Amcache,regsvr32.exe,System,regsvr32.exe,C:\Temp\Trigger0\out\ProgramExecution\20251225072747_Amcache_UnassociatedFileEntries.csv,,,
2025-12-21T10:44:36.929261000,2025-12-21T10:44:36.929261000,0,Artifact_Write,Amcache,regsvr32.exe,System,regsvr32.exe,C:\Temp\Trigger0\out\ProgramExecution\20251225072747_Amcache_UnassociatedFileEntries.csv,,,
2025-12-21T10:44:36.905683000,2025-12-21T10:44:36.905683000,0,Artifact_Write,Amcache,appidpolicyconverter.exe,System,appidpolicyconverter.exe,C:\Temp\Trigger0\out\ProgramExecution\20251225072747_Amcache_UnassociatedFileEntries.csv,,,
2025-12-21T10:44:36.585937000,2025-12-21T10:44:36.585937000,0,Artifact_Write,Amcache,ByteCodeGenerator.exe,System,bytecodegenerator.exe,C:\Temp\Trigger0\out\ProgramExecution\20251225072747_Amcache_UnassociatedFileEntries.csv,,,
2025-12-21T10:44:36.410533000,2025-12-21T10:44:36.410533000,0,Artifact_Write,Amcache,taskhostw.exe,System,taskhostw.exe,C:\Temp\Trigger0\out\ProgramExecution\20251225072747_Amcache_UnassociatedFileEntries.csv,,,
2025-12-21T10:44:36.007727000,2025-12-21T10:44:36.007727000,0,Artifact_Write,Amcache,MpCmdRun.exe,System,mpcmdrun.exe,C:\Temp\Trigger0\out\ProgramExecution\20251225072747_Amcache_UnassociatedFileEntries.csv,,,
2025-12-21T10:44:34.550052000,2025-12-21T10:44:34.550052000,0,Artifact_Write,Amcache,drvinst.exe,System,drvinst.exe,C:\Temp\Trigger0\out\ProgramExecution\20251225072747_Amcache_UnassociatedFileEntries.csv,,,
2025-12-21T10:44:33.536552000,2025-12-21T10:44:33.536552000,0,Artifact_Write,Amcache,WmiPrvSE.exe,System,wmiprvse.exe,C:\Temp\Trigger0\out\ProgramExecution\20251225072747_Amcache_UnassociatedFileEntries.csv,,,
2025-12-21T10:44:33.307616000,2025-12-21T10:44:33.307616000,0,Artifact_Write,Amcache,setupcl.exe,System,setupcl.exe,C:\Temp\Trigger0\out\ProgramExecution\20251225072747_Amcache_UnassociatedFileEntries.csv,,,
2025-12-21T10:44:33.212360000,2025-12-21T10:44:33.212360000,0,Artifact_Write,Amcache,mofcomp.exe,System,mofcomp.exe,C:\Temp\Trigger0\out\ProgramExecution\20251225072747_Amcache_UnassociatedFileEntries.csv,,,
2025-12-21T10:44:33.173648000,2025-12-21T10:44:33.173648000,0,Artifact_Write,Amcache,windeploy.exe,System,windeploy.exe,C:\Temp\Trigger0\out\ProgramExecution\20251225072747_Amcache_UnassociatedFileEntries.csv,,,
2025-12-21T10:44:33.134534000,2025-12-21T10:44:33.134534000,0,Artifact_Write,Amcache,fontdrvhost.exe,System,fontdrvhost.exe,C:\Temp\Trigger0\out\ProgramExecution\20251225072747_Amcache_UnassociatedFileEntries.csv,,,
2025-12-21T10:44:33.073674000,2025-12-21T10:44:33.073674000,0,Artifact_Write,Amcache,vdsldr.exe,System,vdsldr.exe,C:\Temp\Trigger0\out\ProgramExecution\20251225072747_Amcache_UnassociatedFileEntries.csv,,,
2025-12-21T10:44:33.040593000,2025-12-21T10:44:33.040593000,0,Artifact_Write,Amcache,wlms.exe,System,wlms.exe,C:\Temp\Trigger0\out\ProgramExecution\20251225072747_Amcache_UnassociatedFileEntries.csv,,,
2025-12-21T10:44:32.964125000,2025-12-21T10:44:32.964125000,0,Artifact_Write,Amcache,lsass.exe,System,lsass.exe,C:\Temp\Trigger0\out\ProgramExecution\20251225072747_Amcache_UnassociatedFileEntries.csv,,,
2025-12-21T10:44:32.893661000,2025-12-21T10:44:32.893661000,0,Artifact_Write,Amcache,AggregatorHost.exe,System,aggregatorhost.exe,C:\Temp\Trigger0\out\ProgramExecution\20251225072747_Amcache_UnassociatedFileEntries.csv,,,
2025-12-21T10:44:32.804060000,2025-12-21T10:44:32.804060000,0,Artifact_Write,Amcache,services.exe,System,services.exe,C:\Temp\Trigger0\out\ProgramExecution\20251225072747_Amcache_UnassociatedFileEntries.csv,,,
2025-12-21T10:44:32.359670000,2025-12-21T10:44:32.359670000,0,Artifact_Write,Amcache,upfc.exe,System,upfc.exe,C:\Temp\Trigger0\out\ProgramExecution\20251225072747_Amcache_UnassociatedFileEntries.csv,,,
2025-12-21T10:44:31.827025000,2025-12-21T10:44:31.827025000,0,Artifact_Write,Amcache,conhost.exe,System,conhost.exe,C:\Temp\Trigger0\out\ProgramExecution\20251225072747_Amcache_UnassociatedFileEntries.csv,,,
2025-12-21T10:44:29.725893000,2025-12-21T10:44:29.725893000,0,Artifact_Write,Amcache,vds.exe,System,vds.exe,C:\Temp\Trigger0\out\ProgramExecution\20251225072747_Amcache_UnassociatedFileEntries.csv,,,
2025-12-21T10:44:29.593701000,2025-12-21T10:44:29.593701000,0,Artifact_Write,Amcache,sppsvc.exe,System,sppsvc.exe,C:\Temp\Trigger0\out\ProgramExecution\20251225072747_Amcache_UnassociatedFileEntries.csv,,,
2025-12-21T10:44:29.190366000,2025-12-21T10:44:29.190366000,0,Artifact_Write,Amcache,winlogon.exe,System,winlogon.exe,C:\Temp\Trigger0\out\ProgramExecution\20251225072747_Amcache_UnassociatedFileEntries.csv,,,
2025-12-21T10:44:29.023384000,2025-12-21T10:44:29.023384000,0,Artifact_Write,Amcache,smss.exe,System,smss.exe,C:\Temp\Trigger0\out\ProgramExecution\20251225072747_Amcache_UnassociatedFileEntries.csv,,,
2025-12-21T10:44:28.968386000,2025-12-21T10:44:28.968386000,0,Artifact_Write,Amcache,secinit.exe,System,secinit.exe,C:\Temp\Trigger0\out\ProgramExecution\20251225072747_Amcache_UnassociatedFileEntries.csv,,,
2025-12-21T10:44:28.827646000,2025-12-21T10:44:28.827646000,0,Artifact_Write,Amcache,MsMpEng.exe,System,msmpeng.exe,C:\Temp\Trigger0\out\ProgramExecution\20251225072747_Amcache_UnassociatedFileEntries.csv,,,
2025-12-21T10:44:28.732612000,2025-12-21T10:44:28.732612000,0,Artifact_Write,Amcache,wevtutil.exe,System,wevtutil.exe,C:\Temp\Trigger0\out\ProgramExecution\20251225072747_Amcache_UnassociatedFileEntries.csv,,,
2025-12-21T10:44:28.640229000,2025-12-21T10:44:28.640229000,0,Artifact_Write,Amcache,csrss.exe,System,csrss.exe,C:\Temp\Trigger0\out\ProgramExecution\20251225072747_Amcache_UnassociatedFileEntries.csv,,,
2025-12-21T10:44:28.533973000,2025-12-21T10:44:28.533973000,0,Artifact_Write,Amcache,taskkill.exe,System,taskkill.exe,C:\Temp\Trigger0\out\ProgramExecution\20251225072747_Amcache_UnassociatedFileEntries.csv,,,
2025-12-21T10:44:28.410846000,2025-12-21T10:44:28.410846000,0,Artifact_Write,Amcache,autochk.exe,System,autochk.exe,C:\Temp\Trigger0\out\ProgramExecution\20251225072747_Amcache_UnassociatedFileEntries.csv,,,
2025-12-21T10:44:28.277831000,2025-12-21T10:44:28.277831000,0,Artifact_Write,Amcache,dwm.exe,System,dwm.exe,C:\Temp\Trigger0\out\ProgramExecution\20251225072747_Amcache_UnassociatedFileEntries.csv,,,
2025-12-21T10:44:28.084918000,2025-12-21T10:44:28.084918000,0,Artifact_Write,Amcache,spoolsv.exe,System,spoolsv.exe,C:\Temp\Trigger0\out\ProgramExecution\20251225072747_Amcache_UnassociatedFileEntries.csv,,,
2025-12-21T10:44:28.029214000,2025-12-21T10:44:28.029214000,0,Artifact_Write,Amcache,TrustedInstaller.exe,System,trustedinstaller.exe,C:\Temp\Trigger0\out\ProgramExecution\20251225072747_Amcache_UnassociatedFileEntries.csv,,,
2025-12-21T10:44:28.013629000,2025-12-21T10:44:28.013629000,0,Artifact_Write,Amcache,wininit.exe,System,wininit.exe,C:\Temp\Trigger0\out\ProgramExecution\20251225072747_Amcache_UnassociatedFileEntries.csv,,,
2025-12-21T10:44:27.994485000,2025-12-21T10:44:27.994485000,0,Artifact_Write,Amcache,Setup.exe,System,setup.exe,C:\Temp\Trigger0\out\ProgramExecution\20251225072747_Amcache_UnassociatedFileEntries.csv,,,
2025-12-21T10:44:27.438712000,2025-12-21T10:44:27.438712000,0,Artifact_Write,Amcache,svchost.exe,System,svchost.exe,C:\Temp\Trigger0\out\ProgramExecution\20251225072747_Amcache_UnassociatedFileEntries.csv,,,
2025-12-21T10:44:16.000000000,2025-12-21T10:44:16.000000000,0,Execution,Prefetch,SVCHOST.EXE (Run: 1),System,svchost.exe,C:\Temp\Trigger0\out\ProgramExecution\20251224222824_PECmd_Output.csv,,,[EXEC] SVCHOST.EXE (Run: 1)
2025-12-21T10:44:14.000000000,2025-12-21T10:44:14.000000000,0,Execution,Prefetch,DLLHOST.EXE (Run: 1),System,dllhost.exe,C:\Temp\Trigger0\out\ProgramExecution\20251224222824_PECmd_Output.csv,,,[EXEC] DLLHOST.EXE (Run: 1)
2025-12-21T10:43:31.000000000,2025-12-21T10:43:31.000000000,0,Execution,Prefetch,SMARTSCREEN.EXE (Run: 2),System,smartscreen.exe,C:\Temp\Trigger0\out\ProgramExecution\20251224222824_PECmd_Output.csv,,,[EXEC] SMARTSCREEN.EXE (Run: 2)
2025-12-21T10:43:31.000000000,2025-12-21T10:43:31.000000000,0,Execution,Prefetch,SVCHOST.EXE (Run: 4),System,svchost.exe,C:\Temp\Trigger0\out\ProgramExecution\20251224222824_PECmd_Output.csv,,,[EXEC] SVCHOST.EXE (Run: 4)
2025-12-21T10:43:30.000000000,2025-12-21T10:43:30.000000000,0,Execution,Prefetch,SVCHOST.EXE (Run: 1),System,svchost.exe,C:\Temp\Trigger0\out\ProgramExecution\20251224222824_PECmd_Output.csv,,,[EXEC] SVCHOST.EXE (Run: 1)
2025-12-21T10:43:17.000000000,2025-12-21T10:43:17.000000000,0,Execution,Prefetch,SVCHOST.EXE (Run: 2),System,svchost.exe,C:\Temp\Trigger0\out\ProgramExecution\20251224222824_PECmd_Output.csv,,,[EXEC] SVCHOST.EXE (Run: 2)
2025-12-21T10:43:14.000000000,2025-12-21T10:43:14.000000000,0,Execution,Prefetch,SVCHOST.EXE (Run: 2),System,svchost.exe,C:\Temp\Trigger0\out\ProgramExecution\20251224222824_PECmd_Output.csv,,,[EXEC] SVCHOST.EXE (Run: 2)
2025-12-21T10:43:09.000000000,2025-12-21T10:43:09.000000000,0,Execution,Prefetch,RUNTIMEBROKER.EXE (Run: 2),System,runtimebroker.exe,C:\Temp\Trigger0\out\ProgramExecution\20251224222824_PECmd_Output.csv,,,[EXEC] RUNTIMEBROKER.EXE (Run: 2)
2025-12-21T10:43:09.000000000,2025-12-21T10:43:09.000000000,0,Execution,Prefetch,SEARCHINDEXER.EXE (Run: 1),System,searchindexer.exe,C:\Temp\Trigger0\out\ProgramExecution\20251224222824_PECmd_Output.csv,,,[EXEC] SEARCHINDEXER.EXE (Run: 1)
2025-12-21T10:43:07.000000000,2025-12-21T10:43:07.000000000,0,Execution,Prefetch,SVCHOST.EXE (Run: 2),System,svchost.exe,C:\Temp\Trigger0\out\ProgramExecution\20251224222824_PECmd_Output.csv,,,[EXEC] SVCHOST.EXE (Run: 2)
2025-12-21T10:43:07.000000000,2025-12-21T10:43:07.000000000,0,Execution,Prefetch,WIDGETS.EXE (Run: 1),System,widgets.exe,C:\Temp\Trigger0\out\ProgramExecution\20251224222824_PECmd_Output.csv,,,[EXEC] WIDGETS.EXE (Run: 1)
2025-12-21T10:43:07.000000000,2025-12-21T10:43:07.000000000,0,Execution,Prefetch,WWAHOST.EXE (Run: 1),System,wwahost.exe,C:\Temp\Trigger0\out\ProgramExecution\20251224222824_PECmd_Output.csv,,,[EXEC] WWAHOST.EXE (Run: 1)
2025-12-21T10:41:28.000000000,2025-12-21T10:41:28.000000000,0,Execution,Prefetch,SVCHOST.EXE (Run: 1),System,svchost.exe,C:\Temp\Trigger0\out\ProgramExecution\20251224222824_PECmd_Output.csv,,,[EXEC] SVCHOST.EXE (Run: 1)
2025-12-21T10:41:09.000000000,2025-12-21T10:41:09.000000000,0,Execution,Prefetch,LPREMOVE.EXE (Run: 1),System,lpremove.exe,C:\Temp\Trigger0\out\ProgramExecution\20251224222824_PECmd_Output.csv,,,[EXEC] LPREMOVE.EXE (Run: 1)
2025-12-21T10:40:52.000000000,2025-12-21T10:40:52.000000000,0,Execution,Prefetch,MICROSOFTEDGE_X64_143.0.3650. (Run: 1),System,microsoftedge_x64_143.0.3650.,C:\Temp\Trigger0\out\ProgramExecution\20251224222824_PECmd_Output.csv,,,[EXEC] MICROSOFTEDGE_X64_143.0.3650. (Run: 1)
2025-12-21T10:40:52.000000000,2025-12-21T10:40:52.000000000,0,Execution,Prefetch,SETUP.EXE (Run: 1),System,setup.exe,C:\Temp\Trigger0\out\ProgramExecution\20251224222824_PECmd_Output.csv,,,[EXEC] SETUP.EXE (Run: 1)
2025-12-21T10:40:52.000000000,2025-12-21T10:40:52.000000000,0,Execution,Prefetch,SETUP.EXE (Run: 1),System,setup.exe,C:\Temp\Trigger0\out\ProgramExecution\20251224222824_PECmd_Output.csv,,,[EXEC] SETUP.EXE (Run: 1)
2025-12-21T10:40:35.000000000,2025-12-21T10:40:35.000000000,0,Execution,Prefetch,SVCHOST.EXE (Run: 1),System,svchost.exe,C:\Temp\Trigger0\out\ProgramExecution\20251224222824_PECmd_Output.csv,,,[EXEC] SVCHOST.EXE (Run: 1)
2025-12-21T10:40:31.000000000,2025-12-21T10:40:31.000000000,0,Execution,Prefetch,SLUI.EXE (Run: 2),System,slui.exe,C:\Temp\Trigger0\out\ProgramExecution\20251224222824_PECmd_Output.csv,,,[EXEC] SLUI.EXE (Run: 2)
2025-12-21T10:40:27.000000000,2025-12-21T10:40:27.000000000,0,Execution,Prefetch,GENVALOBJ.EXE (Run: 1),System,genvalobj.exe,C:\Temp\Trigger0\out\ProgramExecution\20251224222824_PECmd_Output.csv,,,[EXEC] GENVALOBJ.EXE (Run: 1)
2025-12-21T10:40:24.000000000,2025-12-21T10:40:24.000000000,0,Execution,Prefetch,SPPEXTCOMOBJ.EXE (Run: 1),System,sppextcomobj.exe,C:\Temp\Trigger0\out\ProgramExecution\20251224222824_PECmd_Output.csv,,,[EXEC] SPPEXTCOMOBJ.EXE (Run: 1)
2025-12-21T10:40:22.000000000,2025-12-21T10:40:22.000000000,0,Execution,Prefetch,SETUP.EXE (Run: 2),System,setup.exe,C:\Temp\Trigger0\out\ProgramExecution\20251224222824_PECmd_Output.csv,,,[EXEC] SETUP.EXE (Run: 2)
2025-12-21T10:40:22.000000000,2025-12-21T10:40:22.000000000,0,Execution,Prefetch,SETUP.EXE (Run: 2),System,setup.exe,C:\Temp\Trigger0\out\ProgramExecution\20251224222824_PECmd_Output.csv,,,[EXEC] SETUP.EXE (Run: 2)
2025-12-21T10:40:00.000000000,2025-12-21T10:40:00.000000000,0,Execution,Prefetch,MICROSOFTEDGE_X64_143.0.3650. (Run: 1),System,microsoftedge_x64_143.0.3650.,C:\Temp\Trigger0\out\ProgramExecution\20251224222824_PECmd_Output.csv,,,[EXEC] MICROSOFTEDGE_X64_143.0.3650. (Run: 1)
2025-12-21T10:39:40.000000000,2025-12-21T10:39:40.000000000,0,Execution,Prefetch,USOCLIENT.EXE (Run: 2),System,usoclient.exe,C:\Temp\Trigger0\out\ProgramExecution\20251224222824_PECmd_Output.csv,,,[EXEC] USOCLIENT.EXE (Run: 2)
2025-12-21T10:39:27.000000000,2025-12-21T10:39:27.000000000,0,Execution,Prefetch,SVCHOST.EXE (Run: 1),System,svchost.exe,C:\Temp\Trigger0\out\ProgramExecution\20251224222824_PECmd_Output.csv,,,[EXEC] SVCHOST.EXE (Run: 1)
2025-12-21T10:39:08.398593000,2025-12-21T10:39:08.398593000,0,Artifact_Write,Amcache,MicrosoftEdgeUpdate.exe,System,microsoftedgeupdate.exe,C:\Temp\Trigger0\out\ProgramExecution\20251225072747_Amcache_UnassociatedFileEntries.csv,,,
2025-12-21T10:39:08.000000000,2025-12-21T10:39:08.000000000,0,Execution,Prefetch,MICROSOFTEDGEUPDATE.EXE (Run: 1),System,microsoftedgeupdate.exe,C:\Temp\Trigger0\out\ProgramExecution\20251224222824_PECmd_Output.csv,,,[EXEC] MICROSOFTEDGEUPDATE.EXE (Run: 1)
2025-12-21T10:39:05.000000000,2025-12-21T10:39:05.000000000,0,Execution,Prefetch,SVCHOST.EXE (Run: 1),System,svchost.exe,C:\Temp\Trigger0\out\ProgramExecution\20251224222824_PECmd_Output.csv,,,[EXEC] SVCHOST.EXE (Run: 1)
2025-12-21T10:39:01.000000000,2025-12-21T10:39:01.000000000,0,Execution,Prefetch,CLOUDEXPERIENCEHOSTBROKER.EXE (Run: 1),System,cloudexperiencehostbroker.exe,C:\Temp\Trigger0\out\ProgramExecution\20251224222824_PECmd_Output.csv,,,[EXEC] CLOUDEXPERIENCEHOSTBROKER.EXE (Run: 1)
